Workbook

Sheet Monthly Trend
A3: Row Labels | B3: Count of Feedback ID
A4: Apr-2025 | B4: 42
A5: Aug-2024 | B5: 23
A6: Aug-2025 | B6: 26
A7: Dec-2024 | B7: 40
A8: Feb-2025 | B8: 43
A9: Jan-2025 | B9: 43
A10: Jul-2025 | B10: 39
A11: Jun-2025 | B11: 35
A12: Mar-2025 | B12: 41
A13: May-2025 | B13: 45
A14: Nov-2024 | B14: 40
A15: Oct-2024 | B15: 45
... A17: Grand Total | B17: 500

Sheet Sentiment
A3: Count of Feedback ID | B3: Negative
A4: Prodcuts | B4: Negative | C4: Neutral | D4: Positive | E4: Grand Total | G4: =_xlfn.XLOOKUP(MAX(B2:B10), B2:B10, A2:A10) -> Mouse | H4: =MAX(A5:B14) -> 27
A5: Camera | B5: 17 | C5: 12 | D5: 20 | E5: 49 | G5: =_xlfn.XLOOKUP(MIN(B2:B10), B2:B10, A2:A10) -> Camera
A6: Headphones | B6: 22 | C6: 3 | D6: 17 | E6: 42
A7: Keyboard | B7: 24 | C7: 10 | D7: 20 | E7: 54
A8: Laptop | B8: 21 | C8: 16 | D8: 27 | E8: 64
A9: Monitor | B9: 25 | C9: 5 | D9: 18 | E9: 48
A10: Mouse | B10: 27 | C10: 12 | D10: 19 | E10: 58
A11: Printer | B11: 13 | C11: 12 | D11: 18 | E11: 43
A12: Smartphone | B12: 17 | C12: 9 | D12: 20 | E12: 46
A13: Smartwatch | B13: 19 | C13: 13 | D13: 19 | E13: 51
A14: Tablet | B14: 23 | C14: 9 | D14: 13 | E14: 45
A15: Grand Total | B15: 208 | C15: 101 | D15: 191 | E15: 500

Sheet Raw Data
A1: Feedback ID | B1: Customer Name | C1: Product | D1: Rating | E1: Feedback Text | F1: Date of Feedback | G1: Month | H1: Sentiment
A2: FB1782 | B2: David Lee | C2: Headphones | D2: 2 | E2: Disappointed. The product arrived damaged. | F2: 45833.266 | G2: =TEXT(F2,"mmm-yyyy") -> Jun-2025 | H2: =IF(D2>=4,"Positive",IF(D2=3,"Neutral","Negative")) -> Negative
A3: FB2178 | B3: James Taylor | C3: Printer | D3: 5 | E3: Perfect for my needs, exactly what I was looking for. | F3: 45719.266 | G3: =TEXT(F3,"mmm-yyyy") -> Mar-2025 | H3: =IF(D3>=4,"Positive",IF(D3=3,"Neutral","Negative")) -> Positive
A4: FB9986 | B4: James Taylor | C4: Camera | D4: 5 | E4: Perfect for my needs, exactly what I was looking for. | F4: 45645.266 | G4: =TEXT(F4,"mmm-yyyy") -> Dec-2024 | H4: =IF(D4>=4,"Positive",IF(D4=3,"Neutral","Negative")) -> Positive
A5: FB8081 | B5: Sophia Adams | C5: Tablet | D5: 3 | E5: The quality could be better, but it's decent for the price. | F5: 45865.266 | G5: =TEXT(F5,"mmm-yyyy") -> Jul-2025 | H5: =IF(D5>=4,"Positive",IF(D5=3,"Neutral","Negative")) -> Neutral
A6: FB2281 | B6: Mark Johnson | C6: Laptop | D6: 5 | E6: Not satisfied with the product. Would not recommend. | F6: 45726.266 | G6: =TEXT(F6,"mmm-yyyy") -> Mar-2025 | H6: =IF(D6>=4,"Positive",IF(D6=3,"Neutral","Negative")) -> Positive
A7: FB3263 | B7: Sarah Wilson | C7: Laptop | D7: 5 | E7: The product broke within a few weeks, not durable. | F7: 45544.266 | G7: =TEXT(F7,"mmm-yyyy") -> Sep-2024 | H7: =IF(D7>=4,"Positive",IF(D7=3,"Neutral","Negative")) -> Positive
A8: FB2422 | B8: David Lee | C8: Mouse | D8: 3 | E8: The quality could be better, but it's decent for the price. | F8: 45709.266 | G8: =TEXT(F8,"mmm-yyyy") -> Feb-2025 | H8: =IF(D8>=4,"Positive",IF(D8=3,"Neutral","Negative")) -> Neutral
A9: FB8270 | B9: Mark Johnson | C9: Smartwatch | D9: 5 | E9: The product broke within a few weeks, not durable. | F9: 45837.266 | G9: =TEXT(F9,"mmm-yyyy") -> Jun-2025 | H9: =IF(D9>=4,"Positive",IF(D9=3,"Neutral","Negative")) -> Positive
A10: FB4080 | B10: Sophia Adams | C10: Printer | D10: 3 | E10: Disappointed. The product arrived damaged. | F10: 45768.266 | G10: =TEXT(F10,"mmm-yyyy") -> Apr-2025 | H10: =IF(D10>=4,"Positive",IF(D10=3,"Neutral","Negative")) -> Neutral
A11: FB4799 | B11: Sarah Wilson | C11: Camera | D11: 2 | E11: The quality could be better, but it's decent for the price. | F11: 45861.266 | G11: =TEXT(F11,"mmm-yyyy") -> Jul-2025 | H11: =IF(D11>=4,"Positive",IF(D11=3,"Neutral","Negative")) -> Negative
A12: FB3103 | B12: David Lee | C12: Laptop | D12: 5 | E12: It works fine, but there are better options available. | F12: 45670.266 | G12: =TEXT(F12,"mmm-yyyy") -> Jan-2025 | H12: =IF(D12>=4,"Positive",IF(D12=3,"Neutral","Negative")) -> Positive
A13: FB6287 | B13: Michael Brown | C13: Laptop | D13: 1 | E13: Good product, but the delivery was late. | F13: 45844.266 | G13: =TEXT(F13,"mmm-yyyy") -> Jul-2025 | H13: =IF(D13>=4,"Positive",IF(D13=3,"Neutral","Negative")) -> Negative
... A501: FB3517 | B501: Sarah Wilson | C501: Smartphone | D501: 5 | E501: It works fine, but there are better options available. | F501: 45665.266 | G501: =TEXT(F501,"mmm-yyyy") -> Jan-2025 | H501: =IF(D501>=4,"Positive",IF(D501=3,"Neutral","Negative")) -> Positive

Sheet Instructions
C1: CUSTOMER FEEDBACK DASHBOARD - USER GUIDE
C4: ━━━━━━━━━━━━━━━━━━━━━━━━━━━━━━━━━━━━━━━━━━━━━━━━━
C6: OVERVIEW:
C8: This workbook contains analysis of 500 customer feedback records.
C9: It helps you understand customer satisfaction across different products.
C11: ━━━━━━━━━━━━━━━━━━━━━━━━━━━━━━━━━━━━━━━━━━━━━━━━━
C13: SHEETS IN THIS WORKBOOK:
C15: 1. DASHBOARD
C16: What: Main summary with key metrics and charts
C17: Use: Start here for quick overview
C18: Shows: Average rating, total feedback, sentiment breakdown
C20: 2. SENTIMENT
... C76: Created for professional feedback analysis.

Sheet Rating
A3: Row Labels | B3: Count of Feedback Number
A4: 1 | B4: 100
A5: 2 | B5: 108
A6: 3 | B6: 101
A7: 4 | B7: 100
A8: 5 | B8: 91
A9: Grand Total | B9: 500

Sheet  Feedback by Product
A3: Row Labels | B3: Count of Feedback ID
A4: Camera | B4: 49
A5: Headphones | B5: 42
A6: Keyboard | B6: 54
A7: Laptop | B7: 64
A8: Monitor | B8: 48
A9: Mouse | B9: 58
A10: Printer | B10: 43
A11: Smartphone | B11: 46
A12: Smartwatch | B12: 51
A13: Tablet | B13: 45
A14: Grand Total | B14: 500

Sheet Dashboard
B1: Customer Feedback Dashboard
B4: Average Feedback ⭐ | E4: Total Feedback 📦 | H4: Negative Feedback 😡 | K4: Positive Feedback 😊 | N4: Most Negative Feedback by product 🤬 | Q4: Most Positive Feedback by Product 😊 | T4: Highest Neutral Product
B6: =AVERAGE('Raw Data'!D2:D501) -> 2.95 | E6: =COUNTA('Raw Data'!E2:E501) -> 500 | H6: =COUNTIF('Raw Data'!H1:H501,"Negative") -> 208 | K6: =COUNTIF('Raw Data'!H2:H501,"Positive") -> 191 | N6: =_xlfn.XLOOKUP(MAX(Sentiment!B5:B14),Sentiment!B5:B14,Sentiment!A5:A14) -> Mouse | P6: =MAX(Sentiment!B5:B14) -> 27 | Q6: =_xlfn.XLOOKUP(MAX(Sentiment!D5:D14),Sentiment!D5:D14,Sentiment!A5:A14) -> Laptop | S6: =MAX(Sentiment!D5:D14) -> 27 | T6: =_xlfn.XLOOKUP(MAX(Sentiment!C5:C14),Sentiment!C5:C14,Sentiment!A5:A14) -> Laptop | U6: =MAX(Sentiment!C5:C14) -> 16
F8: Sentiment Analysis
D35: Feedback By Products | L35: Count of Feedback By Number
F49: Monthly Trend
